bm,docker,dockeriso,lxc
11978.627144444441,11986.811716666667,11955.627511111117,11980.68539444443
