bm,docker,dockeriso,lxc
38.01901666666666,33.58380555555558,33.54883888888887,35.85586111111111
