bm,docker,dockeriso,lxc
45.83964999999999,36.97687777777778,38.568733333333356,41.73871111111109
