bm,docker,dockeriso,lxc
30.013950000000012,28.487544444444442,28.337677777777795,30.105266666666655
