bm,docker,dockeriso,lxc
33.159011111111106,30.758750000000003,31.21494444444444,32.916183333333336
