bm,docker,dockeriso,lxc
4635.05855,4455.139461111109,4448.974511111112,4411.321961111114
