bm,docker,dockeriso,lxc
6541.298772222222,6576.926594444449,6554.724394444443,6606.980361111107
