bm,docker,dockeriso,lxc
475.29314444444447,506.2894666666664,503.1646111111109,453.95748888888886
