bm,docker,dockeriso,lxc
181.58946851851843,180.06421481481485,216.77435370370367,174.75075185185185
146.95260370370366,151.4681574074074,216.04860370370363,142.69889444444445
149.82305,150.33940185185185,214.60925925925926,142.00053333333335
153.1841074074074,148.22261481481476,215.91495185185195,143.4275333333333
152.309174074074,149.68247222222217,212.17965555555546,142.26082407407407
