bm,docker,dockeriso,lxc
6745.131583333336,7563.288898148147,6813.104792592591,6007.063381481483
6132.501420370372,7499.876129629628,6838.238929629631,6744.580864814813
6132.501420370372,7499.876129629628,6838.238929629631,6744.580864814813
6132.501420370372,7499.876129629628,6838.238929629631,6744.580864814813
6132.501420370372,7499.876129629628,6838.238929629631,6744.580864814813
