bm,docker,dockeriso,lxc
4846.692187037035,5587.586694444445,4690.060670370368,4123.188627777778
4182.160942592593,5364.7595,4689.671396296298,4832.436457407407
4182.160942592593,5364.7595,4689.671396296298,4832.436457407407
4182.160942592593,5364.7595,4689.671396296298,4832.436457407407
4182.160942592593,5364.7595,4689.671396296298,4832.436457407407
